CREATE USER usuarioZoe IDENTIFIED BY '1234567890';
CREATE DATABASE  IF NOT EXISTS `craftyDB` /*!40100 DEFAULT CHARACTER SET latin1 */;
GRANT ALL PRIVILEGES ON craftyDB.* TO usuarioZoe;
USE `craftyDB`;
-- MySQL dump 10.13  Distrib 5.7.30, for Linux (x86_64)
--
-- Host: 127.0.0.1    Database: webDB
-- ------------------------------------------------------
-- Server version	5.7.30-0ubuntu0.18.04.1

/*!40101 SET @OLD_CHARACTER_SET_CLIENT=@@CHARACTER_SET_CLIENT */;
/*!40101 SET @OLD_CHARACTER_SET_RESULTS=@@CHARACTER_SET_RESULTS */;
/*!40101 SET @OLD_COLLATION_CONNECTION=@@COLLATION_CONNECTION */;
/*!40101 SET NAMES utf8 */;
/*!40103 SET @OLD_TIME_ZONE=@@TIME_ZONE */;
/*!40103 SET TIME_ZONE='+00:00' */;
/*!40014 SET @OLD_UNIQUE_CHECKS=@@UNIQUE_CHECKS, UNIQUE_CHECKS=0 */;
/*!40014 SET @OLD_FOREIGN_KEY_CHECKS=@@FOREIGN_KEY_CHECKS, FOREIGN_KEY_CHECKS=0 */;
/*!40101 SET @OLD_SQL_MODE=@@SQL_MODE, SQL_MODE='NO_AUTO_VALUE_ON_ZERO' */;
/*!40111 SET @OLD_SQL_NOTES=@@SQL_NOTES, SQL_NOTES=0 */;

--
-- Table structure for table `addresses`
--

DROP TABLE IF EXISTS `addresses`;
/*!40101 SET @saved_cs_client     = @@character_set_client */;
/*!40101 SET character_set_client = utf8 */;
CREATE TABLE `addresses` (
  `id` int(10) unsigned NOT NULL AUTO_INCREMENT,
  `users_id` int(10) unsigned DEFAULT NULL,
  `alias` varchar(255) DEFAULT NULL,
  `name` varchar(255) DEFAULT NULL,
  `row1` varchar(255) DEFAULT NULL,
  `row2` varchar(255) DEFAULT NULL,
  `city` varchar(255) DEFAULT NULL,
  `PC` bigint(20) unsigned DEFAULT NULL,
  `country` varchar(100) DEFAULT NULL,
  `prefix` varchar(6) DEFAULT NULL,
  `phone_number` bigint(20) unsigned DEFAULT NULL,
  `creation_date` datetime NOT NULL DEFAULT CURRENT_TIMESTAMP,
  `mod_date` datetime NOT NULL DEFAULT CURRENT_TIMESTAMP ON UPDATE CURRENT_TIMESTAMP,
  PRIMARY KEY (`id`),
  KEY `FK_addresses_users` (`users_id`),
  CONSTRAINT `FK_addresses_users` FOREIGN KEY (`users_id`) REFERENCES `users` (`id`)
) ENGINE=InnoDB AUTO_INCREMENT=22 DEFAULT CHARSET=latin1;
/*!40101 SET character_set_client = @saved_cs_client */;

--
-- Dumping data for table `addresses`
--

LOCK TABLES `addresses` WRITE;
/*!40000 ALTER TABLE `addresses` DISABLE KEYS */;
INSERT INTO `addresses` VALUES (1,2,'quae et','Timoteo Cadena','070 Perales Masía','Apt. 268','Montañoberg',28270,'Bielorusia','+34',508071206,'2020-07-02 01:51:33','2020-07-02 01:51:33'),(2,3,'eveniet ipsam','Agustín Galván','64905 Vigil Paseo','Apt. 419','Inca Natalia',87004,'Isla de Navidad','+34',316270784,'2020-07-02 01:51:33','2020-07-02 01:51:33'),(3,4,'aut dolor','Leonor Caraballo','232 Marcos Ramal','Apt. 609','Gloriaview',36315,'Mozambique','+34',292941239,'2020-07-02 01:51:33','2020-07-02 01:51:33'),(4,5,'atque quidem','Verónica Huerta','11097 Gregorio Conjunto','Apt. 153','Limónburgh',97004,'Yemen','+34',261274645,'2020-07-02 01:51:33','2020-07-02 01:51:33'),(5,6,'magni iusto','Ana Ocasio','611 Valdez Polígono','Apt. 007','Oviedo Julio Césarburgh',77300,'Senegal','+34',873710070,'2020-07-02 01:51:33','2020-07-02 01:51:33'),(6,7,'minus architecto','Francisca Rolón','835 Arenas Partida','Suite 974','Murcia Vicenteborough',40309,'Méjico','+34',285196041,'2020-07-02 01:51:33','2020-07-02 01:51:33'),(7,8,'id modi','Gilberto Manzanares','7803 Cisneros Terrenos','Suite 678','El Ejido Norma',56220,'Portugal','+34',626547115,'2020-07-02 01:51:33','2020-07-02 01:51:33'),(8,9,'et corrupti','Concepción Merino PhD','687 Julio Calleja','Suite 840','Albertoshire',68530,'Seychelles','+34',259448868,'2020-07-02 01:51:33','2020-07-02 01:51:33'),(9,10,'voluptatem rem','Andrea Aranda','67980 Lourdes Puente','Apt. 390','Linares Marco Antoniochester',83321,'Reino Unido','+34',2149780,'2020-07-02 01:51:33','2020-07-02 01:51:33'),(10,11,'error ea','Bernardo Rolón','44017 Adán Municipio','Suite 033','Cádiz María del Carmenville',89776,'Brasil','+34',185630646,'2020-07-02 01:51:33','2020-07-02 01:51:33'),(11,12,'pariatur omnis','Sta. Marilu Crespo','14446 Bétancourt Gran Subida','Suite 503','Casillaston',97715,'Camboya','+34',305054844,'2020-07-02 01:51:33','2020-07-02 01:51:33'),(12,7,'rerum laboriosam','Sr. Isabel Alonso','3894 Ramiro Riera','Apt. 584','Arrecife Timoteoton',75315,'Burundi','+34',878957561,'2020-07-02 01:51:33','2020-07-02 01:51:33'),(13,11,'incidunt earum','Ernesto Santacruz','02435 Saldivar Colonia','Suite 154','Santa Coloma de Gramanet María del Carmenview',37625,'Malawi','+34',135915594,'2020-07-02 01:51:33','2020-07-02 01:51:33'),(14,5,'at officia','Rubén Covarrubias','752 Báez Explanada','Suite 308','Coronadoport',33315,'Montserrat','+34',695657788,'2020-07-02 01:51:33','2020-07-02 01:51:33'),(15,9,'et sint','Luisa Calvillo','701 Holguín Jardines','Suite 132','Cádiz Carlota',37442,'Jamaica','+34',812709518,'2020-07-02 01:51:33','2020-07-02 01:51:33'),(16,10,'non dolores','Marta Carrion','3113 Lucas Arroyo','Suite 140','Algeciras Esteban',25364,'Bulgaria','+34',264550581,'2020-07-02 01:51:33','2020-07-02 01:51:33'),(17,5,'ratione deleniti','Patricia Herrera','4492 Alfaro Calle','Apt. 323','El Puerto de Santa María Adela',29893,'Macedonia','+34',289360622,'2020-07-02 01:51:33','2020-07-02 01:51:33'),(18,7,'exercitationem exercitationem','Raúl Díaz','402 Vásquez Plaza','Suite 224','Herrerachester',22046,'Dinamarca','+34',774661132,'2020-07-02 01:51:33','2020-07-02 01:51:33'),(19,11,'qui qui','Daniel Alvarez','6038 José María Puerta','Apt. 524','Roquetas de Mar Adrianaburgh',34135,'Jamaica','+34',870543545,'2020-07-02 01:51:33','2020-07-02 01:51:33'),(20,8,'eveniet doloremque','Gonzalo Toledo','14349 Verónica Conjunto','Suite 673','Márquezside',86919,'Austria','+34',999108913,'2020-07-02 01:51:33','2020-07-02 01:51:33'),(21,6,'itaque fugit','Nicolás Alarcón','85699 Curiel Carretera','Suite 758','Sanlúcar de Barrameda Miguel',48156,'Noruega','+34',756351443,'2020-07-02 01:51:33','2020-07-02 01:51:33');
/*!40000 ALTER TABLE `addresses` ENABLE KEYS */;
UNLOCK TABLES;

--
-- Table structure for table `orders`
--

DROP TABLE IF EXISTS `orders`;
/*!40101 SET @saved_cs_client     = @@character_set_client */;
/*!40101 SET character_set_client = utf8 */;
CREATE TABLE `orders` (
  `id` int(10) unsigned NOT NULL AUTO_INCREMENT,
  `users_id` int(10) unsigned DEFAULT NULL,
  `addresses_id` int(10) unsigned DEFAULT NULL,
  `finished` tinyint(1) DEFAULT '0',
  `sell_date` datetime DEFAULT NULL,
  `creation_date` datetime NOT NULL DEFAULT CURRENT_TIMESTAMP,
  `mod_date` datetime NOT NULL DEFAULT CURRENT_TIMESTAMP ON UPDATE CURRENT_TIMESTAMP,
  PRIMARY KEY (`id`),
  KEY `FK_oreders_users` (`users_id`),
  KEY `FK_oreders_addresses` (`addresses_id`),
  CONSTRAINT `FK_oreders_addresses` FOREIGN KEY (`addresses_id`) REFERENCES `addresses` (`id`),
  CONSTRAINT `FK_oreders_users` FOREIGN KEY (`users_id`) REFERENCES `users` (`id`)
) ENGINE=InnoDB AUTO_INCREMENT=51 DEFAULT CHARSET=latin1;
/*!40101 SET character_set_client = @saved_cs_client */;

--
-- Dumping data for table `orders`
--

LOCK TABLES `orders` WRITE;
/*!40000 ALTER TABLE `orders` DISABLE KEYS */;
INSERT INTO `orders` VALUES (1,5,4,1,'2019-10-14 07:24:24','2020-07-02 01:51:33','2020-07-02 01:51:33'),(2,3,2,1,'2019-09-08 05:45:55','2020-07-02 01:51:33','2020-07-02 01:51:33'),(3,11,19,1,'2019-10-21 05:07:49','2020-07-02 01:51:33','2020-07-02 01:51:33'),(4,11,13,1,'2019-12-20 21:11:36','2020-07-02 01:51:33','2020-07-02 01:51:33'),(5,8,7,1,'2020-02-10 06:00:25','2020-07-02 01:51:33','2020-07-02 01:51:33'),(6,3,2,1,'2020-04-06 03:14:27','2020-07-02 01:51:34','2020-07-02 01:51:34'),(7,9,15,1,'2019-10-24 18:33:57','2020-07-02 01:51:34','2020-07-02 01:51:34'),(8,3,2,1,'2019-07-09 15:15:02','2020-07-02 01:51:34','2020-07-02 01:51:34'),(9,9,8,1,'2019-07-17 22:29:48','2020-07-02 01:51:34','2020-07-02 01:51:34'),(10,7,18,1,'2020-01-22 06:14:56','2020-07-02 01:51:34','2020-07-02 01:51:34'),(11,6,21,1,'2019-08-08 14:24:30','2020-07-02 01:51:34','2020-07-02 01:51:34'),(12,5,4,1,'2019-07-03 15:18:08','2020-07-02 01:51:34','2020-07-02 01:51:34'),(13,11,19,1,'2019-10-04 05:20:16','2020-07-02 01:51:34','2020-07-02 01:51:34'),(14,11,10,1,'2019-10-09 07:59:21','2020-07-02 01:51:34','2020-07-02 01:51:34'),(15,8,7,1,'2020-02-21 23:03:07','2020-07-02 01:51:34','2020-07-02 01:51:34'),(16,10,9,1,'2019-10-17 20:50:01','2020-07-02 01:51:34','2020-07-02 01:51:34'),(17,2,1,1,'2019-08-17 03:38:24','2020-07-02 01:51:34','2020-07-02 01:51:34'),(18,3,2,1,'2019-10-03 17:01:06','2020-07-02 01:51:34','2020-07-02 01:51:34'),(19,11,19,1,'2019-07-05 10:56:12','2020-07-02 01:51:34','2020-07-02 01:51:34'),(20,7,18,1,'2019-08-30 18:15:07','2020-07-02 01:51:34','2020-07-02 01:51:34'),(21,5,4,1,'2020-01-27 00:05:21','2020-07-02 01:51:34','2020-07-02 01:51:34'),(22,3,2,1,'2019-11-09 01:47:45','2020-07-02 01:51:34','2020-07-02 01:51:34'),(23,3,2,1,'2020-04-10 11:39:44','2020-07-02 01:51:34','2020-07-02 01:51:34'),(24,11,13,1,'2019-08-23 20:36:31','2020-07-02 01:51:34','2020-07-02 01:51:34'),(25,4,3,1,'2019-08-16 13:44:35','2020-07-02 01:51:34','2020-07-02 01:51:34'),(26,10,9,1,'2020-01-11 09:35:26','2020-07-02 01:51:34','2020-07-02 01:51:34'),(27,4,3,1,'2019-08-28 08:21:24','2020-07-02 01:51:34','2020-07-02 01:51:34'),(28,2,1,1,'2020-05-31 18:58:19','2020-07-02 01:51:34','2020-07-02 01:51:34'),(29,11,19,1,'2020-01-28 15:32:27','2020-07-02 01:51:34','2020-07-02 01:51:34'),(30,8,7,1,'2020-03-29 21:27:06','2020-07-02 01:51:34','2020-07-02 01:51:34'),(31,8,7,1,'2020-04-22 20:28:54','2020-07-02 01:51:34','2020-07-02 01:51:34'),(32,8,7,1,'2020-04-24 12:22:12','2020-07-02 01:51:34','2020-07-02 01:51:34'),(33,11,10,1,'2020-02-28 01:42:34','2020-07-02 01:51:34','2020-07-02 01:51:34'),(34,9,15,1,'2020-03-29 09:55:12','2020-07-02 01:51:34','2020-07-02 01:51:34'),(35,6,21,1,'2020-05-06 02:57:24','2020-07-02 01:51:34','2020-07-02 01:51:34'),(36,10,9,1,'2020-04-10 08:46:19','2020-07-02 01:51:34','2020-07-02 01:51:34'),(37,12,11,1,'2019-11-01 07:55:17','2020-07-02 01:51:34','2020-07-02 01:51:34'),(38,4,3,1,'2020-03-16 06:08:05','2020-07-02 01:51:34','2020-07-02 01:51:34'),(39,8,7,1,'2019-10-09 10:17:42','2020-07-02 01:51:34','2020-07-02 01:51:34'),(40,10,16,1,'2019-10-02 19:37:03','2020-07-02 01:51:34','2020-07-02 01:51:34'),(41,8,20,1,'2020-01-19 11:20:12','2020-07-02 01:51:34','2020-07-02 01:51:34'),(42,12,11,1,'2019-09-01 01:37:57','2020-07-02 01:51:34','2020-07-02 01:51:34'),(43,7,18,1,'2020-06-02 14:38:38','2020-07-02 01:51:34','2020-07-02 01:51:34'),(44,8,20,1,'2019-10-22 09:19:02','2020-07-02 01:51:34','2020-07-02 01:51:34'),(45,3,2,1,'2019-11-01 16:45:18','2020-07-02 01:51:34','2020-07-02 01:51:34'),(46,10,16,1,'2019-11-02 22:06:52','2020-07-02 01:51:34','2020-07-02 01:51:34'),(47,12,11,1,'2019-10-11 20:55:47','2020-07-02 01:51:34','2020-07-02 01:51:34'),(48,8,7,1,'2019-09-15 01:55:40','2020-07-02 01:51:34','2020-07-02 01:51:34'),(49,12,11,1,'2019-09-22 13:08:02','2020-07-02 01:51:34','2020-07-02 01:51:34'),(50,2,1,1,'2019-11-27 04:00:09','2020-07-02 01:51:34','2020-07-02 01:51:34');
/*!40000 ALTER TABLE `orders` ENABLE KEYS */;
UNLOCK TABLES;

--
-- Table structure for table `orders_products`
--

DROP TABLE IF EXISTS `orders_products`;
/*!40101 SET @saved_cs_client     = @@character_set_client */;
/*!40101 SET character_set_client = utf8 */;
CREATE TABLE `orders_products` (
  `id` int(11) NOT NULL AUTO_INCREMENT,
  `orders_id` int(10) unsigned DEFAULT NULL,
  `products_id` int(10) unsigned DEFAULT NULL,
  `price` decimal(7,2) DEFAULT NULL,
  `quantity` smallint(6) DEFAULT '1',
  PRIMARY KEY (`id`),
  KEY `FK_oreders_products_orders` (`orders_id`),
  KEY `FK_orders_products_products` (`products_id`),
  CONSTRAINT `FK_orders_products_products` FOREIGN KEY (`products_id`) REFERENCES `products` (`id`),
  CONSTRAINT `FK_oreders_products_orders` FOREIGN KEY (`orders_id`) REFERENCES `orders` (`id`)
) ENGINE=InnoDB AUTO_INCREMENT=151 DEFAULT CHARSET=latin1;
/*!40101 SET character_set_client = @saved_cs_client */;

--
-- Dumping data for table `orders_products`
--

LOCK TABLES `orders_products` WRITE;
/*!40000 ALTER TABLE `orders_products` DISABLE KEYS */;
INSERT INTO `orders_products` VALUES (1,1,1,329.35,2),(2,1,23,329.44,4),(3,1,49,874.08,8),(4,2,5,351.04,5),(5,2,15,731.80,10),(6,2,6,384.23,9),(7,3,42,490.96,8),(8,3,44,217.57,10),(9,3,8,21.42,6),(10,4,47,249.04,7),(11,4,5,875.17,2),(12,4,2,683.06,7),(13,5,20,541.58,2),(14,5,50,909.17,6),(15,5,9,339.15,4),(16,6,44,527.29,7),(17,6,12,813.75,3),(18,6,6,477.16,10),(19,7,27,569.46,2),(20,7,29,784.50,5),(21,7,45,804.45,7),(22,8,36,39.59,1),(23,8,43,322.98,3),(24,8,49,204.23,5),(25,9,30,216.29,6),(26,9,43,772.16,2),(27,9,48,511.22,4),(28,10,17,881.46,10),(29,10,33,976.52,5),(30,10,36,126.34,4),(31,11,14,212.39,6),(32,11,22,285.09,6),(33,11,11,569.72,8),(34,12,31,712.73,7),(35,12,43,945.63,5),(36,12,8,596.26,3),(37,13,48,48.99,4),(38,13,1,178.60,9),(39,13,3,203.73,5),(40,14,33,324.26,10),(41,14,33,15.55,1),(42,14,12,741.69,2),(43,15,39,614.24,3),(44,15,42,265.45,3),(45,15,35,68.02,5),(46,16,26,144.36,7),(47,16,30,396.65,8),(48,16,33,220.70,8),(49,17,22,449.29,3),(50,17,23,142.05,5),(51,17,45,84.25,9),(52,18,50,20.53,4),(53,18,32,885.73,4),(54,18,20,464.08,8),(55,19,31,695.51,6),(56,19,50,911.64,4),(57,19,44,384.63,8),(58,20,26,353.34,8),(59,20,29,989.41,5),(60,20,13,382.93,4),(61,21,2,254.22,2),(62,21,39,261.40,7),(63,21,27,303.93,8),(64,22,3,940.24,7),(65,22,18,688.75,10),(66,22,24,918.78,3),(67,23,16,432.78,10),(68,23,36,419.79,6),(69,23,21,890.83,1),(70,24,38,472.36,7),(71,24,26,854.58,3),(72,24,6,943.50,10),(73,25,37,907.06,7),(74,25,36,423.54,5),(75,25,20,369.39,9),(76,26,4,713.95,4),(77,26,31,596.21,5),(78,26,1,246.70,2),(79,27,46,955.36,10),(80,27,34,410.95,8),(81,27,16,767.66,8),(82,28,45,904.64,10),(83,28,34,751.33,7),(84,28,10,486.67,9),(85,29,20,313.65,8),(86,29,3,780.97,1),(87,29,14,60.25,2),(88,30,50,819.82,1),(89,30,17,852.84,5),(90,30,19,270.84,10),(91,31,11,369.67,7),(92,31,7,226.28,1),(93,31,28,0.74,4),(94,32,37,278.09,4),(95,32,19,997.37,3),(96,32,41,3.66,8),(97,33,21,520.49,6),(98,33,5,267.01,10),(99,33,6,315.58,7),(100,34,12,689.60,3),(101,34,28,781.70,6),(102,34,23,154.32,3),(103,35,20,164.52,1),(104,35,7,430.41,2),(105,35,9,289.39,7),(106,36,41,919.47,1),(107,36,23,410.06,3),(108,36,42,362.28,9),(109,37,5,150.59,4),(110,37,5,874.00,1),(111,37,21,645.32,8),(112,38,18,965.94,10),(113,38,20,731.48,7),(114,38,46,436.76,1),(115,39,43,167.42,1),(116,39,32,659.00,9),(117,39,21,27.37,9),(118,40,3,676.98,1),(119,40,14,258.25,6),(120,40,20,658.98,5),(121,41,20,777.93,7),(122,41,5,649.47,4),(123,41,45,694.52,1),(124,42,3,577.32,10),(125,42,35,644.59,2),(126,42,10,709.23,5),(127,43,33,698.55,5),(128,43,47,590.91,8),(129,43,21,317.66,4),(130,44,39,178.68,5),(131,44,14,455.35,4),(132,44,4,576.58,3),(133,45,7,782.95,9),(134,45,18,853.57,10),(135,45,26,423.28,1),(136,46,42,81.47,3),(137,46,9,317.42,5),(138,46,47,883.77,4),(139,47,5,913.62,5),(140,47,14,114.01,5),(141,47,44,797.79,8),(142,48,50,382.89,8),(143,48,49,898.43,2),(144,48,4,983.99,4),(145,49,30,527.95,5),(146,49,50,538.85,6),(147,49,45,148.63,10),(148,50,35,182.98,4),(149,50,2,876.46,8),(150,50,41,924.51,8);
/*!40000 ALTER TABLE `orders_products` ENABLE KEYS */;
UNLOCK TABLES;

--
-- Table structure for table `products`
--

DROP TABLE IF EXISTS `products`;
/*!40101 SET @saved_cs_client     = @@character_set_client */;
/*!40101 SET character_set_client = utf8 */;
CREATE TABLE `products` (
  `id` int(10) unsigned NOT NULL AUTO_INCREMENT,
  `shops_id` int(10) unsigned DEFAULT NULL,
  `category` varchar(50) DEFAULT NULL,
  `photo` varchar(255) DEFAULT NULL,
  `name` varchar(100) DEFAULT NULL,
  `price` decimal(7,2) DEFAULT NULL,
  `stock` smallint(6) DEFAULT NULL,
  `available` tinyint(1) DEFAULT '0',
  `type` enum('ready','custom') NOT NULL DEFAULT 'ready',
  `description` text,
  `color` varchar(255) DEFAULT NULL,
  `creation_date` datetime NOT NULL DEFAULT CURRENT_TIMESTAMP,
  `mod_date` datetime NOT NULL DEFAULT CURRENT_TIMESTAMP ON UPDATE CURRENT_TIMESTAMP,
  PRIMARY KEY (`id`),
  KEY `FK_products_shops` (`shops_id`),
  CONSTRAINT `FK_products_shops` FOREIGN KEY (`shops_id`) REFERENCES `shops` (`id`)
) ENGINE=InnoDB AUTO_INCREMENT=51 DEFAULT CHARSET=latin1;
/*!40101 SET character_set_client = @saved_cs_client */;

--
-- Dumping data for table `products`
--

LOCK TABLES `products` WRITE;
/*!40000 ALTER TABLE `products` DISABLE KEYS */;
INSERT INTO `products` VALUES (1,4,'clothing','http://localhost:3000/uploads/product0.jpg','Glitter shoes',177.18,5,1,'ready','Glitter shoes available in multiple colors.','blue,other,green,purple','2020-07-02 01:51:33','2020-07-02 04:06:39'),(2,5,'clothing','http://localhost:3000/uploads/product1.jpg','Knit baby set',212.99,10,1,'custom','Baby set consisting in a cap and a pair of shoes, both hand knitted.','blue,white,orange','2020-07-02 01:51:33','2020-07-02 04:06:39'),(3,2,'bags','http://localhost:3000/uploads/product2.jpg','Round rattan bag',151.39,5,1,'custom','Custom handmade raound rattan bag.','white,blue,red,multiple,black,yellow','2020-07-02 01:51:33','2020-07-02 04:06:39'),(4,3,'decor','http://localhost:3000/uploads/product3.jpg','Dreamcartcher.',36.49,15,1,'ready','Handmade dreamcatcher made of wood, wool and feathers, with a wooden heart.','orange,multiple,pink,other','2020-07-02 01:51:33','2020-07-02 04:06:39'),(5,5,'bags','http://localhost:3000/uploads/product4.jpg','Round wicker and leather bag',230.43,1,1,'ready','Round bag made with wicker and leather. It has a custom and unique hand painted pattenr.','white,other,orange,pink','2020-07-02 01:51:33','2020-07-02 04:06:39'),(6,4,'supplies','http://localhost:3000/uploads/product5.jpg','Wooden Chistmas tag',50.00,20,1,'ready','Wooden set consisting on a Merry Christmas tag and a reindeer. Perfect for Christmas present or as thank you cards for your orders. Pack of 10.','brown','2020-07-02 01:51:33','2020-07-02 04:06:40'),(7,1,'accesories','http://localhost:3000/uploads/product6.jpg','Gold pocket watch',627.53,1,1,'ready','Absolutely stunning double full hunter pocket watch from the Greenwich collection that is gold plated and features a classy mechanical skeleton movement.\n\nThe images illustrate the beauty and craft of the inner workings with elegant black hands subtly enhancing the gold mechanics where you can turn the stem clockwise and witness the movement in action.\n\nThe watch has the added versatility of being a stand alone clock and arrives complete with an Albert T bar chain for your button hole as well as a presentation box.\n\nFully guaranteed with free engraving making it a beautiful gift that will be remembered forever.','yellow','2020-07-02 01:51:33','2020-07-02 04:06:39'),(8,2,'clothing','http://localhost:3000/uploads/product7.jpg','Blazer',727.65,5,1,'custom','Custom made one button blazer.','red,white,pink,orange','2020-07-02 01:51:33','2020-07-02 04:06:39'),(9,3,'decor','http://localhost:3000/uploads/product8.jpg','Lamp',50.99,3,1,'ready','Handmade hanging lamp.','blue,other','2020-07-02 01:51:33','2020-07-02 04:06:39'),(10,3,'decor','http://localhost:3000/uploads/product9.jpg','Coconut bowl',161.15,0,0,'custom','Coconut bowl hand painted with custom design.','multiple','2020-07-02 01:51:33','2020-07-02 04:06:39'),(11,4,'headwear','http://localhost:3000/uploads/product10.jpg','Message picture hat',30.50,0,0,'custom','Straw picture hat made with hasnd sewn sequins writing a custom message.','other,brown,pink,blue,orange,yellow,red','2020-07-02 01:51:33','2020-07-02 04:06:39'),(12,2,'clothing','http://localhost:3000/uploads/product11.jpg','Painted sneakers',213.60,3,1,'ready','Sneakers with a hand painted custom desing.','yellow,pink,blue,other','2020-07-02 01:51:33','2020-07-02 04:06:39'),(13,1,'decor','http://localhost:3000/uploads/product12.jpg','Christmas ball',13.23,0,0,'custom','Clear Crhistmas ball filled with little porexpan balls resembling snow and an artificial red holly branch.','white','2020-07-02 01:51:33','2020-07-02 04:06:39'),(14,1,'decor','http://localhost:3000/uploads/product13.jpg','Wall hanging',365.38,4,1,'custom','Handmade wire custom design wall hanging with artificial branches attached..','purple,yellow,blue','2020-07-02 01:51:33','2020-07-02 04:06:39'),(15,5,'jewerly','http://localhost:3000/uploads/product14.jpg','Flower Earrings',50.28,10,1,'ready','Pair of round wire wrapped earings with little flowers.','purple,pink,red','2020-07-02 01:51:33','2020-07-02 04:06:39'),(16,5,'other','http://localhost:3000/uploads/product15.jpg','Coffee maker',83.74,6,1,'ready','Glass and wood filter coffee maker. You can also use it as a jug.','other','2020-07-02 01:51:33','2020-07-02 04:06:40'),(17,5,'headwear','http://localhost:3000/uploads/product16.jpg','Crystal crown',60.89,1,1,'ready','Handmade crown made of blue and clear crystals and wire.','blue','2020-07-02 01:51:33','2020-07-02 04:06:40'),(18,2,'bags','http://localhost:3000/uploads/product17.jpg','Heart handbag',24.79,10,1,'ready','Hand sewn handbag with a heart pattern.','green,white,blue,orange,other','2020-07-02 01:51:33','2020-07-02 04:06:40'),(19,3,'jewerly','http://localhost:3000/uploads/product18.jpg','Ring',39.07,1,1,'ready','Silver plated ring with a blue spot jasper. Blue spot jaster can promote confidente, build inner strength, bring inner calm and is also a healing stone.','blue','2020-07-02 01:51:33','2020-07-02 04:06:40'),(20,4,'decor','http://localhost:3000/uploads/product19.jpg','Mushroom hangings',26.88,10,1,'custom','Handmade clay mushroom hangings.','other,green,red,pink,white,yellow','2020-07-02 01:51:33','2020-07-02 04:06:40'),(21,4,'clothing','http://localhost:3000/uploads/product20.jpg','Baby shoes',25.84,0,0,'ready','Hand knitted baby shoes.','gray,black,orange,purple,yellow,red','2020-07-02 01:51:33','2020-07-02 04:06:40'),(22,5,'jewelry','http://localhost:3000/uploads/product21.jpg','Cubic zirconia ring',124.83,10,1,'ready','Cubic zirconia ring.','white','2020-07-02 01:51:33','2020-07-02 04:06:40'),(23,1,'jewerly','http://localhost:3000/uploads/product22.jpg','Pendant',83.09,14,1,'ready','Bead pendant.','white,other,black,green,multiple,blue','2020-07-02 01:51:33','2020-07-02 04:06:40'),(24,2,'supplies','http://localhost:3000/uploads/product23.jpg','Dried lavender',12.41,50,1,'ready','Dried lavender for your projects. Perfect for using on clear resing, candles, body balms and scrubs, and even tea. Lavender essence has a relaxing and calming effect.','purple','2020-07-02 01:51:33','2020-07-02 04:06:40'),(25,5,'jewerly','http://localhost:3000/uploads/product24.jpg','Bracelet',61.32,10,1,'ready','Bracelet with an electroformed flower central piece.','black,multiple,white,purple,red,brown','2020-07-02 01:51:33','2020-07-02 04:45:51'),(26,3,'other','http://localhost:3000/uploads/product25.jpg','Handmade soap',16.09,42,1,'ready','Handmade soap bar with shea butter, herbs, flowers and essential oils.','orange,black,blue,brown','2020-07-02 01:51:33','2020-07-02 04:06:40'),(27,2,'headwear','http://localhost:3000/uploads/product26.jpg','Disney hat',57.90,0,0,'custom','Hat with Mickey Mouse ears and a Mickey Mouse path. For kids or adult kids.','red','2020-07-02 01:51:33','2020-07-02 04:06:40'),(28,4,'headwear','http://localhost:3000/uploads/product27.jpg','Message picture hat',31.55,27,1,'custom','Straw picture hat made with an emboidered custom message.','purple,orange,blue,pink,other,multiple','2020-07-02 01:51:33','2020-07-02 04:06:40'),(29,5,'decor','http://localhost:3000/uploads/product28.jpg','Pillow',31.77,21,1,'ready','Pillow made with a custom designed fabric.','multiple','2020-07-02 01:51:33','2020-07-02 04:45:51'),(30,2,'supplies','http://localhost:3000/uploads/product29.jpg','Palette',86.70,0,0,'ready','Handmade wooden palette.','brown','2020-07-02 01:51:33','2020-07-02 04:45:51'),(31,4,'supplies','http://localhost:3000/uploads/product30.jpg','Wood slice',8.10,114,1,'ready','Wood slice for using in crafting projects or as coaster. Diameter: 15cm','brown','2020-07-02 01:51:33','2020-07-02 04:45:51'),(32,1,'other','http://localhost:3000/uploads/product31.jpg','Leather journal',36.76,10,1,'custom','Hand binded journal with custom print and leather cover.','yellow,purple,gray,brown,multiple,orange','2020-07-02 01:51:33','2020-07-02 04:45:51'),(33,5,'other','http://localhost:3000/uploads/product32.jpg','Bookmark',14.16,30,1,'ready','Feather shaped colored leather bookmark.','multiple','2020-07-02 01:51:33','2020-07-02 04:45:51'),(34,3,'other','http://localhost:3000/uploads/product33.jpg','Hemp bodycare set',42.07,54,1,'ready','Bodycare set consisting in a vanilla conocnut scented hemp body balm, a ginger honey scented hemp body balm and a peppermint eucalyptus hemp soothing, all packed in a metallic makeup bag.','orange,pink,yellow','2020-07-02 01:51:33','2020-07-02 04:45:51'),(35,5,'bags','http://localhost:3000/uploads/product34.jpg','Makeup bag',24.08,10,1,'custom','Hand knitted makeup bag','gray,purple,pink,red,green,multiple','2020-07-02 01:51:33','2020-07-02 04:45:51'),(36,2,'clothing','http://localhost:3000/uploads/product35.jpg','Wool sweater',84.84,11,1,'ready','Hand knitted wool sweater.','orange,blue,white,yellow,gray,purple','2020-07-02 01:51:33','2020-07-02 04:45:51'),(37,2,'decor','http://localhost:3000/uploads/product36.jpg','Basket',23.15,10,1,'ready','Basket made of t-shirt yarn.','yellow,brown,gray,pink,black','2020-07-02 01:51:33','2020-07-02 04:45:51'),(38,5,'bags','http://localhost:3000/uploads/product37.jpg','Leather bag',57.32,2,1,'custom','Leather bag with a hand painted golden rim sea shell charm.','orange,brown,green,white','2020-07-02 01:51:33','2020-07-02 04:45:51'),(39,2,'jewerly','http://localhost:3000/uploads/product38.jpg','Earrings',48.77,13,1,'ready','Nacre and quartz earrings.','white','2020-07-02 01:51:33','2020-07-02 04:45:51'),(40,4,'jewerly','http://localhost:3000/uploads/product39.jpg','Earrings',42.11,0,0,'ready','Golden earrings with two different color amethysts.','purple','2020-07-02 01:51:33','2020-07-02 04:45:51'),(41,5,'jewerly','http://localhost:3000/uploads/product40.jpg','Hoop shell earrings',64.38,0,0,'custom','Golden hoop earrings with real sea shells charms.','other','2020-07-02 01:51:33','2020-07-02 04:45:51'),(42,3,'jewerly','http://localhost:3000/uploads/product41.jpg','Amethyst earrings',160.88,2,1,'ready','Rose gold hoop earrings with amethysts charms.','purple','2020-07-02 01:51:33','2020-07-02 04:45:51'),(43,2,'jewerly','http://localhost:3000/uploads/product42.jpg','Gold bracelet',146.19,2,1,'ready','Gold platted bracelet with different gemstone charms.','red,purple,multiple,orange','2020-07-02 01:51:33','2020-07-02 04:45:51'),(44,4,'bags','http://localhost:3000/uploads/product43.jpg','Leather bag',169.77,0,0,'custom','Leather bag with gemstones charm.','other,multiple,red,green,yellow,white','2020-07-02 01:51:33','2020-07-02 04:45:51'),(45,1,'supplies','http://localhost:3000/uploads/product44.jpg','Turquoise',71.05,5,1,'ready','Hand cutted heart shaped turquoise cabochon.','blue','2020-07-02 01:51:33','2020-07-02 04:45:51'),(46,1,'supplies','http://localhost:3000/uploads/product45.jpg','Canvas',30.50,0,0,'custom','Hexagonal canvas with wooden frame in different colors.','orange,other,green,brown,red,blue','2020-07-02 01:51:33','2020-07-02 04:45:51'),(47,4,'headwear','http://localhost:3000/uploads/product46.jpg','Hat',95.16,10,1,'custom','Handmade straw hat.','blue,gray','2020-07-02 01:51:33','2020-07-02 04:45:51'),(48,3,'supplies','http://localhost:3000/uploads/product47.jpg','Packaging set',43.50,25,1,'custom','Packaging set consisting on craft paper, two custom stamps, twine string and a punch.','multiple,white,green,orange,other,brown','2020-07-02 01:51:33','2020-07-02 04:45:51'),(49,5,'jewerly','http://localhost:3000/uploads/product48.jpg','Bead bracelet',786.90,25,1,'custom','Bead bracelet with custom message.','red,other','2020-07-02 01:51:33','2020-07-02 04:45:51'),(50,2,'clothing','http://localhost:3000/uploads/product49.jpg','Mask',6.48,51,1,'custom','Handmade sublimation mask with filter. ','purple,blue','2020-07-02 01:51:33','2020-07-02 04:45:51');
/*!40000 ALTER TABLE `products` ENABLE KEYS */;
UNLOCK TABLES;

--
-- Table structure for table `ratings`
--

DROP TABLE IF EXISTS `ratings`;
/*!40101 SET @saved_cs_client     = @@character_set_client */;
/*!40101 SET character_set_client = utf8 */;
CREATE TABLE `ratings` (
  `id` int(10) unsigned NOT NULL AUTO_INCREMENT,
  `users_id` int(10) unsigned DEFAULT NULL,
  `products_id` int(10) unsigned DEFAULT NULL,
  `rating` decimal(2,1) DEFAULT NULL,
  `comment` varchar(255) DEFAULT NULL,
  PRIMARY KEY (`id`),
  KEY `FK_ratings_users` (`users_id`),
  KEY `FK_rating_products` (`products_id`),
  CONSTRAINT `FK_rating_products` FOREIGN KEY (`products_id`) REFERENCES `products` (`id`),
  CONSTRAINT `FK_ratings_users` FOREIGN KEY (`users_id`) REFERENCES `users` (`id`)
) ENGINE=InnoDB AUTO_INCREMENT=201 DEFAULT CHARSET=latin1;
/*!40101 SET character_set_client = @saved_cs_client */;

--
-- Dumping data for table `ratings`
--

LOCK TABLES `ratings` WRITE;
/*!40000 ALTER TABLE `ratings` DISABLE KEYS */;
INSERT INTO `ratings` VALUES (1,3,40,0.0,'Illum qui qui.'),(2,4,12,1.0,'Aut doloremque magnam non aut quaerat dolorum.'),(3,10,39,3.0,'Omnis non omnis provident soluta assumenda qui deleniti enim.'),(4,5,19,4.0,'Quis numquam in ut sit alias omnis.'),(5,7,8,2.0,'Quia libero in nesciunt sit dolores praesentium pariatur.'),(6,10,41,3.0,'Incidunt architecto libero voluptatem et quod harum quia.'),(7,8,15,4.0,'Voluptates magni laborum harum maiores et accusantium quo.'),(8,8,16,5.0,'Et sunt voluptates eos sed est doloremque est vitae.'),(9,4,3,4.0,'Quae qui accusamus est.'),(10,8,25,1.0,'Vitae quae aut nihil illo.'),(11,12,23,1.0,'Velit delectus et eos sit autem suscipit.'),(12,3,14,2.0,'Soluta odio deleniti omnis sint doloremque.'),(13,10,45,0.0,'In inventore laborum non ut.'),(14,6,35,0.0,'Voluptas quisquam magnam dolorem.'),(15,2,28,0.0,'Recusandae dolorum autem odio asperiores et accusamus rerum repellat.'),(16,5,1,1.0,'Consequatur nobis rem voluptatem et ut quaerat error ut dolore.'),(17,3,35,0.0,'Nihil nisi esse deserunt.'),(18,5,35,4.0,'Sint in alias natus iste nisi aut delectus hic laudantium.'),(19,12,41,2.0,'Rerum dolorem ut molestias et saepe.'),(20,7,8,5.0,'Quidem repellendus cumque illum magni non.'),(21,12,35,4.0,'Dolorem dolor magni earum illum amet distinctio qui.'),(22,8,25,1.0,'Vitae ab ea omnis in nostrum magnam et nemo omnis.'),(23,8,36,2.0,'Molestiae adipisci consequatur nemo quia tempore consequuntur sunt officia.'),(24,12,37,4.0,'Dolores id quo soluta ut quisquam cupiditate et quia neque.'),(25,4,39,2.0,'Eos adipisci distinctio non commodi cum aut nostrum.'),(26,4,28,5.0,'Distinctio officia sit.'),(27,2,46,1.0,'Incidunt beatae vitae qui sed asperiores.'),(28,8,45,0.0,'Voluptate accusantium ratione nemo quidem sunt quos voluptate consequatur eius.'),(29,7,29,2.0,'Delectus consequuntur officiis esse sed qui aut.'),(30,9,44,2.0,'Enim omnis rerum id rerum sint harum delectus occaecati.'),(31,7,42,1.0,'Fugiat deleniti assumenda beatae.'),(32,5,47,1.0,'Aliquam et nisi voluptatem rem inventore qui deserunt repellat ad.'),(33,4,40,1.0,'Et esse qui quod molestias.'),(34,6,36,5.0,'Qui animi at molestiae consectetur.'),(35,6,10,3.0,'Repudiandae illum nobis est atque quisquam rerum blanditiis dolor.'),(36,12,23,4.0,'Nostrum molestiae qui rem nulla.'),(37,5,24,3.0,'Adipisci hic suscipit rerum corrupti maxime enim vero velit consequatur.'),(38,6,15,3.0,'In laboriosam aut aut non perspiciatis magnam qui omnis libero.'),(39,10,5,3.0,'Et voluptatem possimus quasi.'),(40,9,13,1.0,'Nesciunt exercitationem corporis reiciendis quae vero sit.'),(41,2,47,2.0,'Deserunt vitae debitis adipisci.'),(42,6,32,3.0,'Esse perferendis at enim ratione est tempore consequatur ipsa rerum.'),(43,11,22,3.0,'Aut non quas.'),(44,5,16,3.0,'Ea placeat magnam nihil aspernatur.'),(45,2,49,4.0,'Quia et voluptate sed perferendis ducimus delectus blanditiis.'),(46,4,11,3.0,'Accusantium quo quam quia omnis saepe minus et quo.'),(47,7,3,5.0,'In voluptas aut.'),(48,11,2,1.0,'Iusto dignissimos nihil iusto similique.'),(49,11,1,4.0,'Adipisci sequi vitae et et.'),(50,12,8,0.0,'Et distinctio harum animi odit tempora.'),(51,6,2,2.0,'Sit illo delectus hic pariatur reiciendis.'),(52,11,2,2.0,'Cumque aut est autem officiis doloremque voluptatem accusantium eum.'),(53,3,43,4.0,'Expedita quis neque qui et voluptas facere quisquam nobis aut.'),(54,2,45,2.0,'Ut explicabo quasi molestiae voluptas quaerat dicta architecto nemo.'),(55,10,29,4.0,'Esse sit iure animi eveniet amet unde.'),(56,11,37,4.0,'At voluptatum rerum qui voluptatem.'),(57,7,24,0.0,'Ut harum autem autem et sit odio sunt numquam.'),(58,4,17,5.0,'Libero sunt ut sed repellat et.'),(59,11,3,1.0,'Dolor vitae laboriosam.'),(60,4,24,1.0,'Quia sit ab quaerat provident porro velit.'),(61,3,23,0.0,'Et quibusdam consectetur doloremque ducimus ut cumque fugit accusantium.'),(62,9,38,4.0,'Pariatur non voluptas deserunt et molestias veniam accusamus velit.'),(63,8,50,4.0,'Harum optio sed est non.'),(64,9,49,0.0,'Ut vel cupiditate.'),(65,8,34,1.0,'Id cum impedit eum et.'),(66,10,36,1.0,'Fugiat quia suscipit et quis dolor est consectetur.'),(67,2,26,0.0,'Ea velit aut et.'),(68,2,21,4.0,'Aut ullam deleniti explicabo eos quaerat.'),(69,4,14,2.0,'Harum nihil et odio iure ducimus voluptatem modi.'),(70,4,14,5.0,'Mollitia tenetur est voluptates soluta iusto.'),(71,2,36,4.0,'Et qui ut voluptas itaque.'),(72,8,26,5.0,'Aut et molestiae consequatur necessitatibus et qui delectus ut aliquam.'),(73,4,49,0.0,'Enim dolorem velit dolore quae doloremque tempore voluptatum.'),(74,12,39,5.0,'Adipisci impedit rerum corrupti iste libero et.'),(75,2,15,5.0,'Sunt et dolorem velit inventore numquam qui assumenda doloribus qui.'),(76,8,36,3.0,'Ea qui quo libero perferendis beatae vel.'),(77,12,21,2.0,'Distinctio ullam fugiat quae eaque id neque inventore praesentium impedit.'),(78,11,50,1.0,'Tempore perferendis ea deserunt quas.'),(79,10,18,2.0,'Id iusto placeat occaecati deleniti sed voluptatem et earum.'),(80,2,25,4.0,'Minima voluptatem inventore.'),(81,5,9,5.0,'Voluptatem sit tempore libero tempora incidunt vitae aut voluptatem autem.'),(82,5,37,4.0,'Officia dolorem quo sint dolorem nobis quia quibusdam.'),(83,12,15,2.0,'Aut quidem autem qui et quia.'),(84,2,42,2.0,'Velit non aperiam quaerat earum quisquam est delectus eveniet excepturi.'),(85,12,11,1.0,'Cumque et ut necessitatibus et nemo ipsam velit id ea.'),(86,3,30,5.0,'Quaerat dolores enim neque.'),(87,10,1,5.0,'Saepe officiis harum quasi quidem fugiat ratione quisquam ut eum.'),(88,5,9,3.0,'Necessitatibus numquam autem omnis tempora ipsum.'),(89,4,35,5.0,'Praesentium provident qui cum et nostrum voluptatibus.'),(90,10,23,1.0,'Consequatur inventore voluptatem quos autem.'),(91,2,6,2.0,'Omnis sed omnis fuga cumque ut.'),(92,8,50,2.0,'Aut est blanditiis distinctio.'),(93,10,30,2.0,'Molestiae iste cupiditate.'),(94,5,11,3.0,'Ullam fugiat aut nam.'),(95,12,48,5.0,'Provident ipsam reiciendis aut ut.'),(96,3,29,0.0,'Eum itaque dolores officia ad sed quo possimus dolores.'),(97,7,15,2.0,'Natus ipsam incidunt repudiandae suscipit voluptate ut voluptate ex accusamus.'),(98,9,29,4.0,'Excepturi minus suscipit.'),(99,8,22,1.0,'Maiores ullam praesentium sit facere.'),(100,10,48,0.0,'Aperiam enim dignissimos iure adipisci eos tempora ea id.'),(101,5,43,1.0,'Error quia et voluptas molestiae et harum iure est.'),(102,6,30,3.0,'Labore reiciendis suscipit pariatur architecto impedit sunt.'),(103,8,46,0.0,'Quis voluptatem qui id non.'),(104,4,6,4.0,'Officiis sit eum quia saepe et ut.'),(105,5,25,1.0,'Magni ipsa voluptate nihil dolores aut sint.'),(106,6,27,0.0,'Id sit sit accusantium et veritatis qui nemo.'),(107,12,32,2.0,'Illum rem maxime dolorum.'),(108,4,30,1.0,'Omnis aut autem temporibus illo.'),(109,5,5,1.0,'Maxime maxime et quis.'),(110,8,3,0.0,'Et quia repellat.'),(111,9,12,1.0,'Velit quod perspiciatis sint soluta.'),(112,12,46,1.0,'Ut sed dicta repellat fuga distinctio sapiente.'),(113,9,20,4.0,'Fugiat qui aut voluptas enim praesentium voluptates deserunt laboriosam.'),(114,12,33,4.0,'Dolore esse sunt.'),(115,3,15,5.0,'Nesciunt explicabo repellat quo excepturi perspiciatis dolor reiciendis aut velit.'),(116,11,40,3.0,'Accusantium eum non.'),(117,9,17,4.0,'Sit placeat quis.'),(118,12,8,2.0,'Rem laborum ea eligendi incidunt consequatur dicta nam quidem.'),(119,4,10,5.0,'Velit rerum voluptatum quae libero.'),(120,3,9,5.0,'Sapiente ipsum aut beatae vitae.'),(121,4,40,3.0,'Esse tenetur veritatis.'),(122,8,9,4.0,'Explicabo dolores ut reprehenderit.'),(123,9,4,5.0,'Voluptatem quam aliquam cumque exercitationem.'),(124,9,45,2.0,'Et deserunt deleniti et repellendus nostrum non.'),(125,11,48,2.0,'Aperiam quasi nemo.'),(126,7,23,0.0,'Consequatur dolorem voluptate.'),(127,9,45,3.0,'Consectetur doloribus ea et recusandae aut non occaecati.'),(128,12,15,4.0,'Aut odit minus aut quia sapiente aliquid molestiae unde.'),(129,4,4,4.0,'Id quibusdam voluptas ducimus et.'),(130,12,41,4.0,'Voluptatibus praesentium praesentium.'),(131,7,44,3.0,'Incidunt voluptatem ut architecto eos non.'),(132,4,12,2.0,'Nesciunt tempore dolor aliquam atque neque sunt voluptates cum nostrum.'),(133,3,19,0.0,'Reprehenderit qui repellat neque in inventore.'),(134,3,40,5.0,'Et voluptatem voluptas et.'),(135,3,46,4.0,'Velit dolorum cum inventore.'),(136,11,39,5.0,'Quaerat dicta sint excepturi quia repudiandae qui.'),(137,4,20,4.0,'Est dolorem vel eligendi minima rerum cumque.'),(138,10,42,3.0,'Tenetur veritatis amet explicabo numquam doloremque consectetur.'),(139,12,16,5.0,'Sit esse aut rerum quasi atque quibusdam minus sint est.'),(140,6,16,0.0,'Sint eos libero nulla minus aut a et temporibus ducimus.'),(141,3,33,5.0,'Quasi quam modi.'),(142,7,50,1.0,'Ipsa libero molestiae nobis.'),(143,4,1,4.0,'Deserunt a aliquam dolore soluta veniam.'),(144,3,41,0.0,'Voluptatum consequatur recusandae repellat similique alias voluptatem voluptates.'),(145,7,35,4.0,'Est laudantium similique eaque placeat culpa.'),(146,8,8,2.0,'Et odit modi aut nobis quia qui aut.'),(147,6,37,4.0,'Ex sint vero.'),(148,11,10,5.0,'Voluptas reprehenderit veritatis qui molestiae rerum autem ut asperiores quia.'),(149,9,39,3.0,'Aut temporibus esse qui temporibus.'),(150,9,43,5.0,'Minima commodi dolores et id hic sed quis maxime.'),(151,4,48,3.0,'Nihil laborum quis.'),(152,7,17,0.0,'Rem earum vel ullam voluptatem.'),(153,5,32,3.0,'Quod pariatur qui.'),(154,7,41,2.0,'Totam repellat laudantium quia vitae non.'),(155,10,36,1.0,'Sit est quia odio adipisci.'),(156,7,11,4.0,'Et et doloribus delectus at voluptas fuga adipisci.'),(157,4,48,2.0,'Et itaque aspernatur officiis et incidunt.'),(158,5,8,1.0,'Expedita et quasi sapiente esse.'),(159,8,13,3.0,'Harum quos adipisci a iure et et et aliquam et.'),(160,3,18,5.0,'Ut harum laborum vel voluptatem.'),(161,12,43,5.0,'Voluptatem velit hic sed eum non iure.'),(162,11,50,4.0,'Labore qui illo tenetur earum id autem occaecati non.'),(163,2,11,4.0,'Enim impedit suscipit qui fugit tempora.'),(164,5,13,1.0,'Minima dolorum deserunt et sit eveniet quos amet non.'),(165,12,25,3.0,'Voluptatem consequuntur assumenda accusantium et odio pariatur qui dolorum.'),(166,12,23,2.0,'Enim quasi quo pariatur ipsa.'),(167,12,39,0.0,'Id error qui.'),(168,4,27,5.0,'Quaerat dolorem non.'),(169,2,22,4.0,'Maiores ab sapiente quia voluptatem dolore odit.'),(170,10,36,5.0,'Aliquid aliquid pariatur temporibus voluptate dolorem facere et odit.'),(171,8,15,1.0,'Aut dolor quia iste itaque totam officiis non iusto ratione.'),(172,12,48,0.0,'Consequuntur nesciunt optio provident id sunt numquam sed.'),(173,9,38,0.0,'Et ratione ab quas perferendis est aperiam est nulla velit.'),(174,3,6,5.0,'Dolor incidunt voluptatem itaque aut dolorem.'),(175,2,28,3.0,'Iste laboriosam omnis consectetur illo ea minima.'),(176,4,48,0.0,'Quo repellat omnis vero voluptas tempore hic.'),(177,5,30,4.0,'Quos eveniet eum in.'),(178,7,4,3.0,'Illo pariatur ipsam.'),(179,7,49,3.0,'Ipsam harum beatae voluptatum magni doloribus excepturi ipsa culpa.'),(180,6,33,4.0,'Doloribus qui sunt necessitatibus blanditiis quibusdam dolorem eum accusantium consequuntur.'),(181,7,20,2.0,'Molestiae consequuntur fugit sint cupiditate adipisci sit sapiente asperiores.'),(182,3,22,5.0,'Eaque dolores ipsam similique sequi dolores non itaque voluptatem.'),(183,8,44,2.0,'Omnis non aut perspiciatis ut sed expedita.'),(184,6,1,0.0,'Nesciunt vero quisquam asperiores corrupti voluptas.'),(185,4,45,1.0,'Est molestiae facere eveniet maiores omnis.'),(186,10,24,4.0,'Modi aspernatur est facere saepe perferendis est rerum expedita voluptas.'),(187,10,49,2.0,'At provident ut tempore id.'),(188,6,38,3.0,'Dolorem laborum nemo iure fugit aliquid dolores quod.'),(189,4,20,4.0,'Et et magnam minima ut voluptatem ad aliquam.'),(190,12,43,0.0,'Qui omnis enim rerum aut.'),(191,10,13,5.0,'Consequatur eum similique dolores ea voluptatum quis at.'),(192,7,42,5.0,'Inventore officiis odit laboriosam et.'),(193,11,28,5.0,'Aliquid hic earum facilis iure temporibus ut ipsam ullam.'),(194,5,1,1.0,'Recusandae et odio nihil dolore ipsum vitae dolorem nihil.'),(195,4,43,0.0,'Veritatis autem eius molestiae deserunt ea recusandae occaecati.'),(196,8,20,4.0,'Voluptatem ipsa est.'),(197,12,44,2.0,'Omnis consequatur magnam fugiat magnam magnam soluta eligendi aut.'),(198,11,13,5.0,'Suscipit et fugiat quos voluptas ut ut.'),(199,6,22,0.0,'Sed ipsam nulla repellat incidunt quis voluptatem corrupti quo.'),(200,10,46,4.0,'Sed hic sapiente ut quo nisi esse fugiat sunt.');
/*!40000 ALTER TABLE `ratings` ENABLE KEYS */;
UNLOCK TABLES;

--
-- Table structure for table `shops`
--

DROP TABLE IF EXISTS `shops`;
/*!40101 SET @saved_cs_client     = @@character_set_client */;
/*!40101 SET character_set_client = utf8 */;
CREATE TABLE `shops` (
  `id` int(10) unsigned NOT NULL AUTO_INCREMENT,
  `users_id` int(10) unsigned DEFAULT NULL,
  `name` varchar(100) DEFAULT NULL,
  `description` text,
  `video` varchar(255) DEFAULT NULL,
  `twitter` varchar(255) DEFAULT NULL,
  `instagram` varchar(255) DEFAULT NULL,
  `facebook` varchar(255) DEFAULT NULL,
  `promoted` tinyint(1) DEFAULT '0',
  `creation_date` datetime NOT NULL DEFAULT CURRENT_TIMESTAMP,
  `mod_date` datetime NOT NULL DEFAULT CURRENT_TIMESTAMP ON UPDATE CURRENT_TIMESTAMP,
  PRIMARY KEY (`id`),
  UNIQUE KEY `users_id` (`users_id`),
  CONSTRAINT `FK_shops_users` FOREIGN KEY (`users_id`) REFERENCES `users` (`id`)
) ENGINE=InnoDB AUTO_INCREMENT=6 DEFAULT CHARSET=latin1;
/*!40101 SET character_set_client = @saved_cs_client */;

--
-- Dumping data for table `shops`
--

LOCK TABLES `shops` WRITE;
/*!40000 ALTER TABLE `shops` DISABLE KEYS */;
INSERT INTO `shops` VALUES (1,8,'Home & Garden','Enim molestiae unde aliquam sunt dicta. Quae ullam doloribus pariatur quo. Et sit est id debitis consequatur aut rerum fugit velit. Fuga sequi eum non beatae omnis sit aspernatur ea.','http://localhost:3000/uploads/video0.mp4','https://twitter.com/auteaquealias','https://www.instagram.com/auteaquealias','https://www.facebook.com/auteaquealias',0,'2020-07-02 01:51:33','2020-07-02 04:58:22'),(2,10,'Amigurumi and further','Eaque earum minima voluptatem incidunt omnis voluptate est dolor. Quis a nihil delectus voluptas ducimus aut. Assumenda iste et voluptas corporis quis quo veniam id nam. Vel ducimus consequatur et.','http://localhost:3000/uploads/video1.mp4','https://twitter.com/doloremqueinventore','https://www.instagram.com/doloremqueinventore','https://www.facebook.com/doloremqueinventore',0,'2020-07-02 01:51:33','2020-07-02 04:58:22'),(3,12,'Resin Pond','Ipsa quia non dignissimos assumenda quis sed optio. Alias saepe molestiae aut. Consequatur necessitatibus quo cum sapiente aut dignissimos dolor nihil saepe. Id suscipit necessitatibus voluptatem.','http://localhost:3000/uploads/video2.mp4','https://twitter.com/et','https://www.instagram.com/et','https://www.facebook.com/et',0,'2020-07-02 01:51:33','2020-07-02 04:58:22'),(4,4,'Leaf Ceramics','Nesciunt aut tempore nostrum. Dolore debitis sint ut cupiditate enim sit blanditiis non. Ipsum reprehenderit numquam iste. Eum eos quia facere. Voluptatem quos dicta quam libero commodi nihil architecto. Explicabo blanditiis ratione non.','http://localhost:3000/uploads/video3.mp4','https://twitter.com/rerum','https://www.instagram.com/rerum','https://www.facebook.com/rerum',0,'2020-07-02 01:51:33','2020-07-02 04:58:22'),(5,11,'Andy Phillip\'s shop','Repellat sunt id aliquid cupiditate est illum omnis beatae ipsum. Asperiores labore vero tempore rerum quisquam. Repudiandae atque quo iure iste ad. A enim et delectus accusantium voluptas. Laboriosam et et cumque beatae eum ut ut.','http://localhost:3000/uploads/video4.mp4','https://twitter.com/magni','https://www.instagram.com/magni','https://www.facebook.com/magni',0,'2020-07-02 01:51:33','2020-07-02 04:58:22');
/*!40000 ALTER TABLE `shops` ENABLE KEYS */;
UNLOCK TABLES;

--
-- Table structure for table `users`
--

DROP TABLE IF EXISTS `users`;
/*!40101 SET @saved_cs_client     = @@character_set_client */;
/*!40101 SET character_set_client = utf8 */;
CREATE TABLE `users` (
  `id` int(10) unsigned NOT NULL AUTO_INCREMENT,
  `email` varchar(50) NOT NULL,
  `photo` varchar(255) DEFAULT NULL,
  `first_name` varchar(50) DEFAULT NULL,
  `last_name` varchar(50) DEFAULT NULL,
  `password` varchar(255) DEFAULT NULL,
  `forced_expiration_date` datetime NOT NULL DEFAULT CURRENT_TIMESTAMP,
  `birth_date` date DEFAULT NULL,
  `role` enum('regular','vendor','admin') NOT NULL DEFAULT 'regular',
  `creation_date` datetime NOT NULL DEFAULT CURRENT_TIMESTAMP,
  `mod_date` datetime NOT NULL DEFAULT CURRENT_TIMESTAMP ON UPDATE CURRENT_TIMESTAMP,
  `active` tinyint(1) NOT NULL DEFAULT '0',
  `verification_code` varchar(255) DEFAULT NULL,
  PRIMARY KEY (`id`),
  UNIQUE KEY `email` (`email`)
) ENGINE=InnoDB AUTO_INCREMENT=13 DEFAULT CHARSET=latin1;
/*!40101 SET character_set_client = @saved_cs_client */;

--
-- Dumping data for table `users`
--

LOCK TABLES `users` WRITE;
/*!40000 ALTER TABLE `users` DISABLE KEYS */;
INSERT INTO `users` VALUES (1,'admin@admin.com',NULL,NULL,NULL,'$2b$10$USo7ptF4ZBhK4ub1zKIyTeLUJWhKpVnl0DskADY5AjgyeqoR.bmQ6','2020-07-02 01:51:32',NULL,'admin','2020-07-02 01:51:32','2020-07-02 01:51:32',1,NULL),(2,'user@user.com','http://localhost:3000/uploads/user0.jpg','Marilu','Otero','$2b$10$uJp2aoLJiltgLOM5TcLDie83.1dvlrt4TOd2zv79OH0JmELSGQkju','2020-07-02 01:51:32','2019-08-22','regular','2020-07-02 01:51:32','2020-07-02 04:52:29',1,NULL),(3,'Mnica_Mendoza@hotmail.com','http://localhost:3000/uploads/user1.jpg','Joaquín','Porras','$2b$10$ptJVXsdh/odD30wvmL3/QuMNxTt5aDWwAebn22uTNemO5y4B1gVNO','2020-07-02 01:51:32','2019-09-23','regular','2020-07-02 01:51:32','2020-07-02 04:52:29',1,NULL),(4,'Rodrigo10@yahoo.com','http://localhost:3000/uploads/user2.jpg','Irene','Arevalo','$2b$10$pDaiJ//Wi8e63gV0ti1rjeoZUrXh38eoeccORlgiyh2h8CWYOVVMa','2020-07-02 01:51:32','2020-05-25','vendor','2020-07-02 01:51:32','2020-07-02 04:52:29',1,NULL),(5,'Esperanza6@gmail.com','http://localhost:3000/uploads/user3.jpg','Armando','Ceballos','$2b$10$6B9SJGFmko9Ij/ZiNXkIw.qrDe/FTu8Nz323LavAE.0ThoXqVi8s2','2020-07-02 01:51:32','2020-04-18','regular','2020-07-02 01:51:32','2020-07-02 04:52:29',1,NULL),(6,'JosEduardo.Delarosa97@gmail.com','http://localhost:3000/uploads/user4.jpg','Eduardo','Canales','$2b$10$9ZX7k2ApBSSJeBuc6090Ne79upwUS5RI5Sufvu3hjCx2Os5O.YulC','2020-07-02 01:51:32','2020-03-07','regular','2020-07-02 01:51:32','2020-07-02 04:52:29',1,NULL),(7,'Carolina_Gracia@hotmail.com','http://localhost:3000/uploads/user5.jpg','Óscar','Barreto','$2b$10$8cfbAKAguoM0CNooBRJrC.MXyw0AFCU0p0ZTbyJhaY2iCVgePPfcq','2020-07-02 01:51:32','2019-08-29','regular','2020-07-02 01:51:32','2020-07-02 04:52:29',1,NULL),(8,'Martn.Carrion@hotmail.com','http://localhost:3000/uploads/user6.jpg','María del Carmen','Espinosa','$2b$10$3fk/3Xbw6NvF8qrgwH3j4eYFiTfFiiqwaKBLFMkOylqlfN9AESmlq','2020-07-02 01:51:32','2019-10-12','vendor','2020-07-02 01:51:32','2020-07-02 04:52:29',1,NULL),(9,'Alejandra_Adorno@hotmail.com','http://localhost:3000/uploads/user7.jpg','Sonia','Gaytán','$2b$10$cw/ruHHOACiqAyZwtCGUVeCiWDZVppSx.hZWNDPXOeVfM7hvO8sCC','2020-07-02 01:51:32','2020-04-26','regular','2020-07-02 01:51:32','2020-07-02 04:52:29',1,NULL),(10,'Yolanda63@yahoo.com','http://localhost:3000/uploads/user8.jpg','Sergio','Mata','$2b$10$wWzEziQTRF6pcIIUjGUWkuWXjQRyphqaEqYC.gmwDpggSgqp6yWPW','2020-07-02 01:51:33','2020-01-02','vendor','2020-07-02 01:51:33','2020-07-02 04:52:29',1,NULL),(11,'Marcos.Lerma@hotmail.com','http://localhost:3000/uploads/user9.jpg','Leticia','Otero','$2b$10$nylB0SLuGo5FJnV0F6zKL.ZCUH8n8O55IELtMvQdAC40Dzm54iVhC','2020-07-02 01:51:33','2019-09-05','vendor','2020-07-02 01:51:33','2020-07-02 04:52:29',1,NULL),(12,'Toms.Valentn@yahoo.com','http://localhost:3000/uploads/user10.jpg','Rosa','Chavarría','$2b$10$s0Zkp4xXqoMF02m8Mprol.Gv5Ftf1h2yKsDkGYx/lmAe3GGpY0LbK','2020-07-02 01:51:33','2020-04-06','vendor','2020-07-02 01:51:33','2020-07-02 04:52:29',1,NULL);
/*!40000 ALTER TABLE `users` ENABLE KEYS */;
UNLOCK TABLES;

--
-- Table structure for table `wishlists`
--

DROP TABLE IF EXISTS `wishlists`;
/*!40101 SET @saved_cs_client     = @@character_set_client */;
/*!40101 SET character_set_client = utf8 */;
CREATE TABLE `wishlists` (
  `id` int(11) NOT NULL AUTO_INCREMENT,
  `users_id` int(10) unsigned DEFAULT NULL,
  `products_id` int(10) unsigned DEFAULT NULL,
  `creation_date` datetime NOT NULL DEFAULT CURRENT_TIMESTAMP,
  `mod_date` datetime NOT NULL DEFAULT CURRENT_TIMESTAMP ON UPDATE CURRENT_TIMESTAMP,
  PRIMARY KEY (`id`),
  KEY `FK_wishlist_users` (`users_id`),
  KEY `FK_wishlist_products` (`products_id`),
  CONSTRAINT `FK_wishlist_products` FOREIGN KEY (`products_id`) REFERENCES `products` (`id`),
  CONSTRAINT `FK_wishlist_users` FOREIGN KEY (`users_id`) REFERENCES `users` (`id`)
) ENGINE=InnoDB AUTO_INCREMENT=201 DEFAULT CHARSET=latin1;
/*!40101 SET character_set_client = @saved_cs_client */;

--
-- Dumping data for table `wishlists`
--

LOCK TABLES `wishlists` WRITE;
/*!40000 ALTER TABLE `wishlists` DISABLE KEYS */;
INSERT INTO `wishlists` VALUES (1,12,39,'2020-07-02 01:51:34','2020-07-02 01:51:34'),(2,7,48,'2020-07-02 01:51:34','2020-07-02 01:51:34'),(3,11,43,'2020-07-02 01:51:34','2020-07-02 01:51:34'),(4,10,35,'2020-07-02 01:51:34','2020-07-02 01:51:34'),(5,6,12,'2020-07-02 01:51:34','2020-07-02 01:51:34'),(6,6,6,'2020-07-02 01:51:34','2020-07-02 01:51:34'),(7,4,16,'2020-07-02 01:51:34','2020-07-02 01:51:34'),(8,6,46,'2020-07-02 01:51:34','2020-07-02 01:51:34'),(9,10,6,'2020-07-02 01:51:34','2020-07-02 01:51:34'),(10,5,47,'2020-07-02 01:51:34','2020-07-02 01:51:34'),(11,12,12,'2020-07-02 01:51:34','2020-07-02 01:51:34'),(12,9,42,'2020-07-02 01:51:34','2020-07-02 01:51:34'),(13,5,32,'2020-07-02 01:51:34','2020-07-02 01:51:34'),(14,3,11,'2020-07-02 01:51:34','2020-07-02 01:51:34'),(15,3,50,'2020-07-02 01:51:34','2020-07-02 01:51:34'),(16,3,10,'2020-07-02 01:51:34','2020-07-02 01:51:34'),(17,2,9,'2020-07-02 01:51:34','2020-07-02 01:51:34'),(18,4,19,'2020-07-02 01:51:34','2020-07-02 01:51:34'),(19,3,46,'2020-07-02 01:51:34','2020-07-02 01:51:34'),(20,12,33,'2020-07-02 01:51:34','2020-07-02 01:51:34'),(21,8,26,'2020-07-02 01:51:34','2020-07-02 01:51:34'),(22,4,41,'2020-07-02 01:51:34','2020-07-02 01:51:34'),(23,8,32,'2020-07-02 01:51:34','2020-07-02 01:51:34'),(24,10,36,'2020-07-02 01:51:34','2020-07-02 01:51:34'),(25,6,28,'2020-07-02 01:51:34','2020-07-02 01:51:34'),(26,6,5,'2020-07-02 01:51:34','2020-07-02 01:51:34'),(27,11,50,'2020-07-02 01:51:34','2020-07-02 01:51:34'),(28,11,35,'2020-07-02 01:51:34','2020-07-02 01:51:34'),(29,3,37,'2020-07-02 01:51:34','2020-07-02 01:51:34'),(30,5,47,'2020-07-02 01:51:34','2020-07-02 01:51:34'),(31,12,2,'2020-07-02 01:51:34','2020-07-02 01:51:34'),(32,6,47,'2020-07-02 01:51:34','2020-07-02 01:51:34'),(33,9,29,'2020-07-02 01:51:34','2020-07-02 01:51:34'),(34,10,4,'2020-07-02 01:51:34','2020-07-02 01:51:34'),(35,7,8,'2020-07-02 01:51:34','2020-07-02 01:51:34'),(36,10,11,'2020-07-02 01:51:34','2020-07-02 01:51:34'),(37,10,5,'2020-07-02 01:51:34','2020-07-02 01:51:34'),(38,4,45,'2020-07-02 01:51:34','2020-07-02 01:51:34'),(39,7,23,'2020-07-02 01:51:34','2020-07-02 01:51:34'),(40,10,50,'2020-07-02 01:51:34','2020-07-02 01:51:34'),(41,7,9,'2020-07-02 01:51:34','2020-07-02 01:51:34'),(42,3,43,'2020-07-02 01:51:34','2020-07-02 01:51:34'),(43,9,48,'2020-07-02 01:51:34','2020-07-02 01:51:34'),(44,8,49,'2020-07-02 01:51:34','2020-07-02 01:51:34'),(45,9,37,'2020-07-02 01:51:34','2020-07-02 01:51:34'),(46,2,41,'2020-07-02 01:51:34','2020-07-02 01:51:34'),(47,11,14,'2020-07-02 01:51:34','2020-07-02 01:51:34'),(48,3,50,'2020-07-02 01:51:34','2020-07-02 01:51:34'),(49,2,4,'2020-07-02 01:51:34','2020-07-02 01:51:34'),(50,8,30,'2020-07-02 01:51:34','2020-07-02 01:51:34'),(51,10,10,'2020-07-02 01:51:34','2020-07-02 01:51:34'),(52,2,22,'2020-07-02 01:51:34','2020-07-02 01:51:34'),(53,12,15,'2020-07-02 01:51:34','2020-07-02 01:51:34'),(54,5,4,'2020-07-02 01:51:34','2020-07-02 01:51:34'),(55,12,5,'2020-07-02 01:51:34','2020-07-02 01:51:34'),(56,6,39,'2020-07-02 01:51:34','2020-07-02 01:51:34'),(57,9,46,'2020-07-02 01:51:34','2020-07-02 01:51:34'),(58,4,15,'2020-07-02 01:51:34','2020-07-02 01:51:34'),(59,12,32,'2020-07-02 01:51:34','2020-07-02 01:51:34'),(60,12,29,'2020-07-02 01:51:34','2020-07-02 01:51:34'),(61,6,40,'2020-07-02 01:51:34','2020-07-02 01:51:34'),(62,9,14,'2020-07-02 01:51:34','2020-07-02 01:51:34'),(63,4,30,'2020-07-02 01:51:34','2020-07-02 01:51:34'),(64,6,47,'2020-07-02 01:51:34','2020-07-02 01:51:34'),(65,3,38,'2020-07-02 01:51:34','2020-07-02 01:51:34'),(66,4,28,'2020-07-02 01:51:34','2020-07-02 01:51:34'),(67,8,46,'2020-07-02 01:51:34','2020-07-02 01:51:34'),(68,11,14,'2020-07-02 01:51:34','2020-07-02 01:51:34'),(69,2,35,'2020-07-02 01:51:34','2020-07-02 01:51:34'),(70,10,25,'2020-07-02 01:51:34','2020-07-02 01:51:34'),(71,9,29,'2020-07-02 01:51:34','2020-07-02 01:51:34'),(72,2,13,'2020-07-02 01:51:34','2020-07-02 01:51:34'),(73,2,37,'2020-07-02 01:51:34','2020-07-02 01:51:34'),(74,6,25,'2020-07-02 01:51:34','2020-07-02 01:51:34'),(75,2,34,'2020-07-02 01:51:34','2020-07-02 01:51:34'),(76,8,4,'2020-07-02 01:51:34','2020-07-02 01:51:34'),(77,5,29,'2020-07-02 01:51:34','2020-07-02 01:51:34'),(78,3,33,'2020-07-02 01:51:34','2020-07-02 01:51:34'),(79,9,27,'2020-07-02 01:51:34','2020-07-02 01:51:34'),(80,4,23,'2020-07-02 01:51:34','2020-07-02 01:51:34'),(81,4,1,'2020-07-02 01:51:34','2020-07-02 01:51:34'),(82,12,46,'2020-07-02 01:51:34','2020-07-02 01:51:34'),(83,7,37,'2020-07-02 01:51:34','2020-07-02 01:51:34'),(84,6,32,'2020-07-02 01:51:34','2020-07-02 01:51:34'),(85,2,31,'2020-07-02 01:51:34','2020-07-02 01:51:34'),(86,8,19,'2020-07-02 01:51:34','2020-07-02 01:51:34'),(87,3,41,'2020-07-02 01:51:34','2020-07-02 01:51:34'),(88,4,6,'2020-07-02 01:51:34','2020-07-02 01:51:34'),(89,2,25,'2020-07-02 01:51:34','2020-07-02 01:51:34'),(90,9,2,'2020-07-02 01:51:34','2020-07-02 01:51:34'),(91,10,42,'2020-07-02 01:51:34','2020-07-02 01:51:34'),(92,12,22,'2020-07-02 01:51:34','2020-07-02 01:51:34'),(93,5,21,'2020-07-02 01:51:34','2020-07-02 01:51:34'),(94,11,5,'2020-07-02 01:51:34','2020-07-02 01:51:34'),(95,4,47,'2020-07-02 01:51:34','2020-07-02 01:51:34'),(96,6,30,'2020-07-02 01:51:34','2020-07-02 01:51:34'),(97,3,50,'2020-07-02 01:51:34','2020-07-02 01:51:34'),(98,11,21,'2020-07-02 01:51:34','2020-07-02 01:51:34'),(99,10,23,'2020-07-02 01:51:34','2020-07-02 01:51:34'),(100,10,36,'2020-07-02 01:51:34','2020-07-02 01:51:34'),(101,12,2,'2020-07-02 01:51:34','2020-07-02 01:51:34'),(102,6,48,'2020-07-02 01:51:34','2020-07-02 01:51:34'),(103,6,4,'2020-07-02 01:51:34','2020-07-02 01:51:34'),(104,3,2,'2020-07-02 01:51:34','2020-07-02 01:51:34'),(105,6,48,'2020-07-02 01:51:34','2020-07-02 01:51:34'),(106,12,35,'2020-07-02 01:51:34','2020-07-02 01:51:34'),(107,5,36,'2020-07-02 01:51:34','2020-07-02 01:51:34'),(108,7,38,'2020-07-02 01:51:34','2020-07-02 01:51:34'),(109,10,2,'2020-07-02 01:51:34','2020-07-02 01:51:34'),(110,11,46,'2020-07-02 01:51:34','2020-07-02 01:51:34'),(111,8,8,'2020-07-02 01:51:34','2020-07-02 01:51:34'),(112,6,38,'2020-07-02 01:51:34','2020-07-02 01:51:34'),(113,5,33,'2020-07-02 01:51:34','2020-07-02 01:51:34'),(114,5,15,'2020-07-02 01:51:34','2020-07-02 01:51:34'),(115,7,40,'2020-07-02 01:51:34','2020-07-02 01:51:34'),(116,9,38,'2020-07-02 01:51:34','2020-07-02 01:51:34'),(117,8,20,'2020-07-02 01:51:34','2020-07-02 01:51:34'),(118,8,30,'2020-07-02 01:51:34','2020-07-02 01:51:34'),(119,9,25,'2020-07-02 01:51:34','2020-07-02 01:51:34'),(120,5,46,'2020-07-02 01:51:34','2020-07-02 01:51:34'),(121,2,14,'2020-07-02 01:51:34','2020-07-02 01:51:34'),(122,2,28,'2020-07-02 01:51:34','2020-07-02 01:51:34'),(123,12,5,'2020-07-02 01:51:34','2020-07-02 01:51:34'),(124,6,7,'2020-07-02 01:51:34','2020-07-02 01:51:34'),(125,9,13,'2020-07-02 01:51:34','2020-07-02 01:51:34'),(126,10,49,'2020-07-02 01:51:34','2020-07-02 01:51:34'),(127,2,12,'2020-07-02 01:51:34','2020-07-02 01:51:34'),(128,5,28,'2020-07-02 01:51:34','2020-07-02 01:51:34'),(129,9,49,'2020-07-02 01:51:34','2020-07-02 01:51:34'),(130,9,43,'2020-07-02 01:51:34','2020-07-02 01:51:34'),(131,11,47,'2020-07-02 01:51:34','2020-07-02 01:51:34'),(132,9,25,'2020-07-02 01:51:34','2020-07-02 01:51:34'),(133,5,42,'2020-07-02 01:51:34','2020-07-02 01:51:34'),(134,3,7,'2020-07-02 01:51:34','2020-07-02 01:51:34'),(135,6,18,'2020-07-02 01:51:34','2020-07-02 01:51:34'),(136,8,43,'2020-07-02 01:51:34','2020-07-02 01:51:34'),(137,9,35,'2020-07-02 01:51:34','2020-07-02 01:51:34'),(138,11,25,'2020-07-02 01:51:34','2020-07-02 01:51:34'),(139,6,22,'2020-07-02 01:51:34','2020-07-02 01:51:34'),(140,3,21,'2020-07-02 01:51:34','2020-07-02 01:51:34'),(141,8,16,'2020-07-02 01:51:34','2020-07-02 01:51:34'),(142,2,28,'2020-07-02 01:51:34','2020-07-02 01:51:34'),(143,3,26,'2020-07-02 01:51:34','2020-07-02 01:51:34'),(144,6,16,'2020-07-02 01:51:34','2020-07-02 01:51:34'),(145,11,38,'2020-07-02 01:51:34','2020-07-02 01:51:34'),(146,4,28,'2020-07-02 01:51:34','2020-07-02 01:51:34'),(147,3,11,'2020-07-02 01:51:34','2020-07-02 01:51:34'),(148,5,27,'2020-07-02 01:51:34','2020-07-02 01:51:34'),(149,12,20,'2020-07-02 01:51:34','2020-07-02 01:51:34'),(150,6,17,'2020-07-02 01:51:34','2020-07-02 01:51:34'),(151,2,21,'2020-07-02 01:51:34','2020-07-02 01:51:34'),(152,11,43,'2020-07-02 01:51:34','2020-07-02 01:51:34'),(153,8,29,'2020-07-02 01:51:34','2020-07-02 01:51:34'),(154,10,3,'2020-07-02 01:51:34','2020-07-02 01:51:34'),(155,9,42,'2020-07-02 01:51:34','2020-07-02 01:51:34'),(156,6,35,'2020-07-02 01:51:34','2020-07-02 01:51:34'),(157,8,48,'2020-07-02 01:51:34','2020-07-02 01:51:34'),(158,10,20,'2020-07-02 01:51:34','2020-07-02 01:51:34'),(159,2,29,'2020-07-02 01:51:34','2020-07-02 01:51:34'),(160,6,20,'2020-07-02 01:51:34','2020-07-02 01:51:34'),(161,8,4,'2020-07-02 01:51:34','2020-07-02 01:51:34'),(162,6,30,'2020-07-02 01:51:34','2020-07-02 01:51:34'),(163,2,29,'2020-07-02 01:51:34','2020-07-02 01:51:34'),(164,11,40,'2020-07-02 01:51:34','2020-07-02 01:51:34'),(165,8,36,'2020-07-02 01:51:34','2020-07-02 01:51:34'),(166,6,44,'2020-07-02 01:51:34','2020-07-02 01:51:34'),(167,10,20,'2020-07-02 01:51:34','2020-07-02 01:51:34'),(168,11,33,'2020-07-02 01:51:34','2020-07-02 01:51:34'),(169,6,8,'2020-07-02 01:51:34','2020-07-02 01:51:34'),(170,4,19,'2020-07-02 01:51:34','2020-07-02 01:51:34'),(171,5,34,'2020-07-02 01:51:34','2020-07-02 01:51:34'),(172,3,7,'2020-07-02 01:51:34','2020-07-02 01:51:34'),(173,3,44,'2020-07-02 01:51:34','2020-07-02 01:51:34'),(174,11,39,'2020-07-02 01:51:34','2020-07-02 01:51:34'),(175,8,1,'2020-07-02 01:51:34','2020-07-02 01:51:34'),(176,3,29,'2020-07-02 01:51:34','2020-07-02 01:51:34'),(177,7,18,'2020-07-02 01:51:34','2020-07-02 01:51:34'),(178,2,34,'2020-07-02 01:51:34','2020-07-02 01:51:34'),(179,2,27,'2020-07-02 01:51:34','2020-07-02 01:51:34'),(180,10,1,'2020-07-02 01:51:34','2020-07-02 01:51:34'),(181,6,14,'2020-07-02 01:51:34','2020-07-02 01:51:34'),(182,4,17,'2020-07-02 01:51:34','2020-07-02 01:51:34'),(183,9,3,'2020-07-02 01:51:34','2020-07-02 01:51:34'),(184,4,50,'2020-07-02 01:51:34','2020-07-02 01:51:34'),(185,6,39,'2020-07-02 01:51:34','2020-07-02 01:51:34'),(186,3,23,'2020-07-02 01:51:34','2020-07-02 01:51:34'),(187,11,2,'2020-07-02 01:51:34','2020-07-02 01:51:34'),(188,3,9,'2020-07-02 01:51:34','2020-07-02 01:51:34'),(189,6,44,'2020-07-02 01:51:34','2020-07-02 01:51:34'),(190,3,45,'2020-07-02 01:51:34','2020-07-02 01:51:34'),(191,9,45,'2020-07-02 01:51:34','2020-07-02 01:51:34'),(192,10,12,'2020-07-02 01:51:34','2020-07-02 01:51:34'),(193,12,26,'2020-07-02 01:51:34','2020-07-02 01:51:34'),(194,9,22,'2020-07-02 01:51:34','2020-07-02 01:51:34'),(195,4,25,'2020-07-02 01:51:34','2020-07-02 01:51:34'),(196,11,37,'2020-07-02 01:51:34','2020-07-02 01:51:34'),(197,8,45,'2020-07-02 01:51:34','2020-07-02 01:51:34'),(198,11,9,'2020-07-02 01:51:34','2020-07-02 01:51:34'),(199,6,17,'2020-07-02 01:51:34','2020-07-02 01:51:34'),(200,11,15,'2020-07-02 01:51:34','2020-07-02 01:51:34');
/*!40000 ALTER TABLE `wishlists` ENABLE KEYS */;
UNLOCK TABLES;
/*!40103 SET TIME_ZONE=@OLD_TIME_ZONE */;

/*!40101 SET SQL_MODE=@OLD_SQL_MODE */;
/*!40014 SET FOREIGN_KEY_CHECKS=@OLD_FOREIGN_KEY_CHECKS */;
/*!40014 SET UNIQUE_CHECKS=@OLD_UNIQUE_CHECKS */;
/*!40101 SET CHARACTER_SET_CLIENT=@OLD_CHARACTER_SET_CLIENT */;
/*!40101 SET CHARACTER_SET_RESULTS=@OLD_CHARACTER_SET_RESULTS */;
/*!40101 SET COLLATION_CONNECTION=@OLD_COLLATION_CONNECTION */;
/*!40111 SET SQL_NOTES=@OLD_SQL_NOTES */;

-- Dump completed on 2020-07-02  5:06:28
